Stack, Frequency
བྱ, 130832
ང, 1445410
་, 11242697
ཆུ, 50460
བ, 1411197
ཞི, 170158
མྱུ, 3314
ར, 856308
དུ, 233868
རྟོ, 21843
ག, 1687541
ས, 2147128
པ, 896830
༣, 5796
གྱུ, 51414
།, 1317559
སྔོ, 15986
ན, 1394605
སྤྱོ, 16949
ད, 1565690
ཚེ, 26910
ནི, 115133
རྒྱ, 131646
༧, 5224
 , 1490061
འ, 684259
བྱུ, 49892
ཚོ, 72627
རྙེ, 4225
རྣ, 93367
མ, 1045415
ཟུ, 29780
ཅི, 77825
༢, 8585
མེ, 97696
ཏོ, 25621
བྲ, 34883
ལྡ, 29153
སྨ, 22337
ཚ, 93706
ལ, 774148
སྐྱེ, 43525
བྱེ, 79615
༡, 13219
༽, 3696
ཐོ, 63895
ཡོ, 97959
ཏ, 51702
དེ, 233392
ཆེ, 95586
སྡུ, 21095
དི, 59845
སེ, 68176
ཅ, 92596
ཀུ, 28454
གྱི, 122978
ཕྱི, 56547
ཤེ, 58369
ཀྱི, 169618
ཕ, 39944
རོ, 29991
ཏུ, 50941
སྟོ, 37731
འི, 474504
རྗེ, 50176
སུ, 143026
ཐ, 97584
ཉི, 115766
མི, 147728
ལྟ, 75089
༨, 3721
དྭ, 4213
བླ, 22478
ཏེ, 54050
རྩོ, 15291
ཀྲི, 1035
བུ, 82781
ཞེ, 78784
ཁོ, 47399
༩, 4771
༦, 3914
ལོ, 55991
གོ, 93084
ཆོ, 81863
བྱི, 21523
ཐི, 8277
སྔ, 28128
གེ, 26415
སྤྱི, 18105
༥, 4731
ཧོ, 4094
ཟླ, 15863
ཡ, 109961
སྤོ, 5124
ཕྲེ, 5421
ཡི, 147427
བྲུ, 7960
སྐུ, 27420
ཕེ, 12644
པོ, 142229
ཡུ, 33934
སྐྱོ, 16870
སྒྲོ, 7910
སྲ, 9581
ལྕ, 6813
༤, 4254
ཤ, 58745
སླེ, 2597
ཐུ, 53036
གྲོ, 43674
ཙོ, 13315
ཚུ, 35157
༠, 6250
གློ, 4994
ཆ, 63977
ལྷ, 38997
ཅུ, 33470
དྲུ, 17356
ཁྱི, 7734
དོ, 114954
ཁ, 105797
ཞུ, 48406
སྒ, 5160
ཁྲོ, 9288
རུ, 31516
གྲྭ, 5361
ཙུ, 9728
ཀྱ, 41490
ཛ, 24473
སྡི, 3551
གྲུ, 30596
གླི, 7358
གི, 109966
ཕྱོ, 20552
ཐེ, 13415
ཟི, 15710
ཟ, 49609
ཙ, 42303
བོ, 79171
ངོ, 58741
རྟེ, 24502
ཀ, 63690
ཁྱོ, 7940
ཤི, 44330
རྒྱུ, 67977
ཞ, 66774
གྲ, 32254
གྷ, 551
ཉ, 32712
སོ, 123199
གུ, 28822
གླ, 6801
སྟ, 37837
ཅོ, 27089
ལྔ, 21260
ངེ, 17895
རྨ, 8125
རྫོ, 11237
རྩ, 30977
ཇི, 26642
པེ, 16706
སྐྲུ, 3795
ཅེ, 17261
སྨོ, 6551
ཪ, 3218
རྒོ, 4810
ཛུ, 4756
ཁྲུ, 12353
སྙ, 15217
ཧྲུ, 295
འུ, 16210
ཀྲུ, 4194
ཎ, 2311
རི, 115203
ཁྲི, 23809
ཨུ, 3271
སྟེ, 45565
རེ, 43145
ཞོ, 9015
ཟེ, 20608
སྤྲ, 2289
སྲི, 19780
པུ, 5453
སྡ, 4418
མོ, 50939
ཊ, 2889
སྐ, 42970
ཇོ, 10773
སྲོ, 13918
ཤོ, 12310
གྱོ, 3546
འོ, 65043
ཚི, 20650
དྲི, 15044
ཕྲ, 13423
བྱོ, 15064
ཀློ, 2443
ལྷོ, 4702
ནུ, 19400
ཁུ, 17386
ཆི, 14258
རྫ, 5188
དྲེ, 8319
ཇུ, 21133
ལྟོ, 5044
གྱེ, 4461
ཁྱེ, 12931
རྗོ, 16241
ཕོ, 12783
དྲོ, 4654
ཀོ, 13306
ཧུ, 1136
ནོ, 29609
གྲི, 7762
ལེ, 35464
ཕྲུ, 5600
ཛི, 25397
སྤུ, 4850
རྟི, 621
ཕྱ, 18346
བྲི, 10829
ྋ, 523
ཏྭ, 346
ཛོ, 9172
བེ, 7010
ལུ, 48183
ཁྲ, 10289
ཕི, 393
བྲེ, 13629
པྱ, 7780
ཨ, 19265
ཟོ, 11278
རྡུ, 3539
སྣ, 30714
བློ, 17270
ཁྱ, 22050
སྒྱུ, 10429
སྐོ, 19890
སྤྲོ, 7462
ཏཱ, 1883
སྙི, 16180
རླ, 7766
སྒྲ, 13155
སྲུ, 7568
བྲོ, 3981
སྒོ, 24017
རྟ, 34884
སྒེ, 1358
རྫེ, 283
ཙེ, 1312
ཇེ, 2365
ཀྲ, 5549
ཏི, 10848
ཧྲེ, 306
སྒྲི, 9478
ལྷུ, 4022
རྩེ, 11055
ལྗོ, 3142
སྤྲུ, 5409
རྒ, 6561
ཁྲེ, 1072
རྩི, 14280
རྫི, 1143
རྫུ, 2325
རྐུ, 1017
རྡོ, 19441
སྐྱ, 11695
ཨེ, 2554
པཱ, 1143
སྡོ, 9612
སྡེ, 15487
ཡེ, 12849
སླ, 10339
སྒྱོ, 157
ཧ, 7532
རྡ, 5795
མྱ, 4828
དྲ, 41084
ཛེ, 4454
ཇ, 13254
༼, 2059
ཤུ, 16112
ཝ, 4491
ཕྲི, 3721
ཧྲ, 455
ཁེ, 5166
པི, 2157
ཀླ, 2393
ལྀ, 141
ལི, 6144
མུ, 9732
གྱ, 2683
འེ, 721
སློ, 22157
སྦྱོ, 14633
མྱོ, 5927
ཕུ, 19066
རྩུ, 1324
ཕྲོ, 6534
སྣོ, 4858
སི, 7415
རྐ, 5515
ཕྱུ, 5325
ཉོ, 5591
སྣུ, 2263
ཉུ, 4514
སྟུ, 2143
སྐྲ, 5554
ཉེ, 26045
སྙེ, 3845
རྗི, 1089
ཧྭ, 682
སྐྱི, 4474
སྨྱོ, 724
སྐེ, 1813
སྦུ, 1542
ལྡི, 1058
ཀྱོ, 365
པྱི, 1102
སྒྲུ, 19290
རྐྱེ, 8105
ངུ, 7450
ཧྲི, 1119
རྡེ, 884
ནེ, 1760
རླུ, 9700
གླེ, 4982
རྔུ, 1436
རྡི, 177
སྒྲེ, 636
སྣེ, 1094
སྦ, 3467
སྲེ, 5722
རྭ, 1519
ཕྱེ, 7315
ཀླུ, 4859
རྔ, 1917
སྨེ, 904
སྦྱི, 5120
སྤྱ, 7020
ཀྲེ, 409
ཐཾ, 32
ཧྱ, 231
༔, 25618
ནྱ, 243
རྱ, 685
བླུ, 2907
རཱ, 704
རྙོ, 768
སྦྲུ, 2607
གྲེ, 8523
སྤེ, 4089
ཿ, 8793
བླི, 2
ཨོ, 2054
སྦྱ, 16147
ཁྱུ, 4099
ཨི, 2005
ཡཱ, 356
བྷ, 1734
བྷི, 695
ཁི, 165
ཤཱ, 1861
ཤྲི, 274
ཙཱ, 2106
ཧི, 1141
ལྟེ, 1992
ཀི, 1188
ཝེ, 379
ཀེ, 805
བྷེ, 165
ཌ, 875
རྐྱ, 3184
ལྗི, 301
ཊོ, 106
ཝི, 245
སྒུ, 900
རྙ, 2707
ལྭ, 216
ལྤ, 698
སྦྲ, 2324
སྒྱེ, 181
དྷི, 577
ནཱ, 1408
༈, 3035
སྣྲོ, 50
ལྕེ, 2687
ལྕི, 1505
ཝུ, 246
ཧེ, 1365
གྷོ, 82
རྙི, 3784
ཀྲོ, 1366
ཊི, 369
ཌོ, 175
ཚོུ, 7
ཌི, 164
རྦ, 2336
ལྐོ, 971
ཌེ, 67
སྦེ, 194
དྷུ, 488
སྨྲ, 7533
བྷུ, 291
དྲྭ, 279
བི, 1836
དྷ, 1667
སྩ, 2265
ལྷེ, 349
རྒུ, 1415
མཱ, 1218
དྷོ, 74
རྣོ, 1217
ལྡེ, 3227
ལྕོ, 574
རྨི, 1789
སྨྱུ, 863
སྤ, 8145
སྙོ, 3026
མྱེ, 798
པྱོ, 1868
རྨོ, 2057
ཅྭ, 6
གླུ, 2012
པྲ, 1523
ཝཱ, 470
ཎི, 948
ཀྱུ, 1092
རྐོ, 1154
ལྦེ, 32
ལྡོ, 4740
༆, 28
སླུ, 1368
ལྗ, 1516
སྨི, 3653
རྔེ, 75
ཀྱེ, 1349
ཧྥི, 40
སཱ, 606
དྷེ, 212
ཌུ, 43
ནཻ, 82
ཊེ, 94
མཱོ, 6
གྷུ, 22
ཊཱ, 113
ཀཱ, 1326
རྔོ, 916
ཀཻ, 46
པྲི, 277
སྦོ, 1170
སྤྲེ, 880
ཞྭ, 1204
རླི, 275
ལྟུ, 1031
་ོ, 201
ཧཱ, 2971
རིི, 19
རྩྭ, 1356
ཥ, 557
ཝཾ, 486
ཚྭ, 1449
སྨུ, 1732
ཪུ, 75
སྐྱུ, 4114
༴, 234
ཛཱ, 796
ཎྜ, 1570
ངྒཱ, 240
་ཱ, 30
ཪེ, 172
 ེ༷, 1
ནྡྲ, 406
ནཱི, 267
དྨ, 3988
རྐེ, 442
ཥྤ, 133
ཉྫི, 113
ནྡ, 354
་ྣ, 96
ངྒེ, 280
རྨེ, 1271
ལྡུ, 557
ནྠ, 11
ཏྤ, 693
རྟུ, 1096
ཀཾ, 203
སྨྱ, 41
ཏྲེ, 708
ཟློ, 3724
སྙུ, 612
 ཱ, 12
ལྷི, 138
་ྂ, 24
ཙི, 2670
ནྜ, 95
ཪི, 292
བཻ, 1239
ཌཱུ, 295
སྦྲེ, 634
ཀྵ, 685
ལྒ, 346
བྟ, 38
ཨོཾ, 4694
ཧཱུཾ, 3605
ཁྲྀ, 29
ཏྣ, 447
ཥཱཾ, 20
གྒཱ, 1
་ྭ, 10
་ྕ, 4
་ཾ, 30
་ྩ, 18
ཋ, 145
ནྡྷ, 306
མཾ, 230
ཛྲ, 2215
མྲྀ, 292
རྨཱ, 95
།ུ, 7
 ༷, 18
་༷, 15
ལྕུ, 245
མྱི, 805
་ྡ, 47
་ུ, 73
།ཱ, 9
ཧཱུྃ, 2274
ལྦ, 255
༉, 14
་ྱ, 22
སྤྲི, 1891
ནྡྷུ, 142
སྒྱ, 114
་ྙ, 11
ཏྲི, 706
ཧྲོ, 116
ཡཾ, 254
 ོ, 129
ཕྱྭ, 302
༑, 7649
སྭོ, 74
དྭོ, 71
ལྦུ, 284
ཊཾ, 64
ཟླུ, 607
རྦོ, 74
ཎྚ, 210
ཕློ, 1
༐, 61
ཏྲ, 1197
ཞྀ, 64
རློ, 1299
ཐོུ, 8
པྲོ, 37
ལཾ, 293
༄, 9261
༅, 8781
་ྔ, 5
རྨུ, 425
ཨྱོ, 35
ཉྩ, 319
ཞྲི, 9
ཡྀ, 66
ཤྲ, 243
ཎཱ, 58
རྕ, 4
ལཱྀ, 21
ཀྱཻ, 175
དྡྷ, 334
ཤྀ, 72
ནྀ, 229
༏, 35
ཉྫ, 116
ཏྟཱ, 104
སྨྲོ, 162
༈༙, 20
ཟྭ, 99
ཀཽ, 38
གཽ, 131
ཐཱ, 548
རཾ, 401
ཅྀ, 152
བྲཱི, 1
ངྐུ, 29
ཤྭ, 571
ཥྚི, 42
ཤྲཱི, 725
ཛྙཱ, 444
་ེ, 131
མྲ, 143
སྱཱ, 6
ལྱི, 2
དྀ, 95
མྫོ, 7
མྱྀ, 115
ལྱཾ, 4
ངྒ, 459
དྡྷི, 273
འྲི, 27
ཙཾ, 18
ངྷ, 85
ཨཱོྃ, 57
སུཾ, 83
ཁཾ, 217
ཨཻ, 61
ཥྚ, 36
མྷི, 4
གཱ, 225
རྣཾ, 30
་ྲ, 41
ཨཱ, 2297
ཀྴ, 151
བཾ, 762
ཛཾ, 212
ཎྜི, 744
࿐, 13
ཀྞི, 20
༢ེ, 2
ཧྥུ, 159
ཨཱི, 90
སྐྲོ, 130
ཕྱྀ, 29
འྀ, 1129
ཀྱྀ, 87
གྱྀ, 197
སྦི, 99
སྨྲི, 126
བྷོ, 337
ཛྷ, 40
ཀྵི, 182
ཧྥེ, 95
ཝོ, 80
ཧྥ, 293
་ི, 329
་ཻ, 14
སྟི, 802
ཛྙ, 143
ལྐུ, 300
ནྟུ, 124
རྒྱུུ, 10
ཉྙུ, 2
།ི, 20
སཱུ, 89
ཏྲོ, 46
དྨེ, 174
ཚཱ, 10
ཏྟ, 253
སྔུ, 162
སཾ, 440
ཐྲ, 20
ཤྱ, 36
ཀྟ, 157
སྔེ, 13
རྴ, 30
ཀྐཱ, 5
སྭཱ, 1754
ཞྱེ, 4
ཏྶ, 12
ནྟ, 285
དྷཱ, 221
ཝ྄, 10
ཌཱ, 372
དྱ, 218
ཐྔོ, 1
ལྫོ, 1
ཀྱཱ, 129
ངྷི, 64
སྠ, 13
ཀཱུ, 40
ཨཽ, 88
བླེ, 4
ཁཱ, 481
ཐཱུ, 13
པྩོ, 4
ནཾ, 190
ནྡཱ, 32
 ུ, 13
ཀཱི, 155
ཊཱི, 356
བྱཱ, 77
སྩོ, 582
ཏྲུ, 25
ཀྭ, 201
ས྄, 28
རྗ, 115
མ༵, 15
འིི, 40
ཎྱེ, 128
ཆྀ, 121
སྟཱ, 4
རྷ, 37
ཤཱི, 236
རྻ, 116
ཀྶཾ, 46
སྟྭ, 14
སཽ, 42
ཐྱ, 11
གྀ, 68
ཪྙེ, 6
ཉྫུ, 71
་ྷ, 14
་ྟ, 114
ལིཾ, 118
ངྐ, 76
ནྟི, 157
ཀྐ, 110
ལཱོ, 11
སྱེ, 29
སྲྀ, 31
ཁྐྲོ, 6
ལཱ, 357
རྒྱི, 5
སྒྱི, 231
པཱུ, 160
གྲྀ, 226
ནྟྲ, 45
རྣུ, 7
ཀྲྀ, 132
ད༵, 65
ཛྭ, 165
པྟ, 408
བཱ, 229
མྲི, 29
་ླ, 12
ཉྀ, 197
སྭ, 528
ཀྵུ, 41
ལྩ, 24
་ྒུ, 7
དྷཱུ, 153
ཎྞཱ, 5
རྒེ, 40
ཉྱི, 40
༗, 4
རྀ, 172
པཱི, 8
མིཾ, 3
རཻ, 23
བྷཱ, 601
ཉྙ, 13
དཱི, 105
མྡོ, 3
ཏྲཱཾ, 11
ཡཻ, 63
སྱ, 134
དྤ, 10
ལྔོ, 7
ཆ༷, 13
ངྒི, 12
སྥུ, 5
སྶི, 1
དཱཾ, 6
་ྲི, 18
བྡ, 8
 ི, 54
རཱུ, 99
ཆཻ, 9
ང༵, 52
ཉ྄, 2
ལླེ, 60
ཋཱ, 20
ཎྜཱ, 9
བྗ, 3
ཁྭ, 131
ཝྱ, 4
རྚ, 11
 ྣ, 3
༞, 63
སྦྲི, 232
ཨྃ, 6
རྱི, 5
རྒྱོ, 129
རེི, 1
སྐྭ, 16
དྡྷེ, 159
ཪྙ, 9
སྦྲོ, 43
ཤཱུ, 168
ཏ྄, 20
ཁྐྲི, 12
གཱི, 46
མཻ, 289
ལླི, 60
ལྱ, 27
་ྐ, 1
ཡྩོ, 15
ཪྐ, 6
ཏཾ, 144
྾, 134
ཧྲཱི, 644
ཥྛི, 10
ཪྵ, 11
སྟྲི, 8
ཅཱ, 32
དཱ, 206
ཤློ, 59
སཱི, 66
ཧཱི, 45
ཥཱ, 52
ཀྐི, 82
བྷྲ, 14
དྷཱི, 71
ཏྱ, 87
གྷི, 340
ངྒྷ, 11
ནྡུ, 37
ཤྐ, 10
ཏྟཱི, 7
བྔ, 1
ཀྶི, 2
ཐཱི, 33
ཧཱོ, 32
ཉྙཱ, 3
ཇཱོ, 13
རྦུ, 52
ཡཱུ, 30
རྗུ, 29
རཱོ, 20
རྒི, 33
ཆཱ, 6
རྦེ, 15
རཱི, 107
ཨཱོ, 34
ཁཱོ, 29
དྷྱ, 75
༨ོ, 1
༤ོ, 1
དཾ, 206
རྐྱོ, 73
པཾ, 292
ཧྞ, 136
ཏྭཱ, 33
ཥི, 282
ཏྲཾ, 164
དིཾ, 7
ནྣ, 49
ཊཱཾ, 132
མཽ, 45
ནྜི, 16
གོི, 2
ཙྀ, 130
ཨཾ, 261
ཀིཾ, 2
བྷྱོ, 236
ངི, 125
ཉྙེ, 7
རྵ, 32
ཏྨ, 92
྅, 235
ཧཾ, 348
བླློ, 25
ཥྞ, 64
མྦྷ, 216
ཡ༷, 43
ཉྙཾ, 257
གཾ, 43
ཊྚུ, 2
ཏཱཾ, 163
འཱུ, 5
དྲྀ, 68
གྭ, 72
ལཱུ, 96
གུཾ, 2
ཏཱི, 338
ཙྪ, 293
ནྡེ, 78
ཏྱཾ, 38
ནྟེ, 52
མྦུ, 70
དྲཱ, 17
རྞ, 66
བྷྱ, 184
ཬ, 3
བྷཾ, 150
སྥ, 32
སྀ, 12
ཀྴི, 78
བྃ, 78
ཛྫཱི, 2
ཇཱ, 52
ཌཾ, 19
ཧུཾ, 63
ནྟཱ, 14
ཨོྃ, 146
ཙྪཾ, 35
 ྟ, 1
ཧྲྀ, 21
སྣྲུ, 15
ལཱི, 30
ཐྭ, 8
ཥེ, 90
ཎྞ, 23
རྣེ, 6
ཌྷ, 43
༹, 3
བ༵, 21
ཛུཾ, 5
པྲཱ, 14
ཉྙཱུ, 4
ཎཱི, 29
མྦྷཱ, 5
ཉྭ, 196
དྨོ, 142
ཏཻ, 174
ནིཾ, 8
ཁྱཻ, 32
རྤ, 12
ཎྞེ, 3
ཎཾ, 117
ཧྥོ, 28
࿄, 1
ནཱཾ, 70
ནྭ, 12
༜, 16
།ྟ, 10
་ྤ, 11
ཥྚེ, 10
༝, 8
རཱྀ, 30
ཪོ, 2
མྦི, 86
མྗེ, 4
ཙྪེ, 8
࿉, 30
ཉྪ, 9
ཀྵེ, 23
མྦྷི, 9
བྷཱུ, 89
༥ི, 1
 ེ, 24
སྨྱི, 40
གྨ, 10
བཱུ, 21
སུ༵, 3
ཟཱུ, 5
སྱོ, 12
སྷ, 26
ཤྲེ, 8
ཕླ, 8
བྱཻ, 15
དྡེ, 2
འྲ, 26
ཙྭ, 36
སྱི, 13
་ྫ, 30
ཨཱུ, 82
ཡིི, 8
སྐུུ, 11
སྶ, 25
པྱེ, 7
སྗེ, 10
ཎྡི, 26
ཤཾ, 86
ཧཱུ, 22
ཁྐྲ, 15
ཤིི, 27
བླླ, 44
སྫ, 36
སྤྱུ, 106
ཆྱེ, 22
བྟོ, 1
ཞཻ, 6
ཥྱ, 12
གྱིི, 12
དྱེ, 28
སྫོ, 16
ཥོ, 69
མྭ, 49
ཥཾ, 8
གྲཱ, 29
ཡུཾ, 10
ཤྩ, 25
ཡྟོ, 7
ཏྲཱ, 47
འྱི, 5
ཡཱཾ, 11
དྭཱ, 7
རྲི, 3
ཡྫོ, 2
ཉྷེ, 3
ཏྠཾ, 9
༢ི, 3
ཡྱོ, 24
བྩོ, 3
དྟོ, 3
བྦོ, 3
རྙྀ, 3
པྱུ, 11
དཱུ, 14
ཙྱུ, 1
པྫོ, 4
ནིི, 17
རྩྲི, 4
ངྐེ, 2
ཊུ, 45
ཀྲཱ, 4
ཀྨ, 8
པྤཾ, 1
ཡིཾ, 3
༥ོ, 1
ཎྚི, 225
སྱུ, 15
སྠཱ, 12
གིི, 2
འྱ, 8
བྲེི, 7
ཥྛཾ, 1
སྶུ, 5
མཱི, 36
མྲེ, 2
ཤྲུ, 6
སྨྲེ, 153
དྩོ, 6
།ོ, 58
དྡྷཱ, 3
།ྗ, 6
གྣི, 13
།ེི, 2
༨ི, 1
ནྫ, 7
ནྡྷོ, 32
དྡ, 6
ཀཱེ, 7
མྤ, 25
།ྲ, 2
རྦྷ, 18
སྟཱཾ, 44
ཧཱྃ, 28
ཏྭེ, 8
ཥྛ, 142
ཊྛོ, 1
ཥྱོ, 10
ཀྟོ, 6
མྨེ, 16
ཏྟཾ, 13
ཧཱུྂ, 12
དྒ, 14
པྲེ, 30
ནྲ, 13
ནྲྀ, 17
ཉྩཱ, 7
རྒྱེ, 12
ལྐ, 27
ཉྩི, 17
ལླ, 17
སྐྲི, 41
ཥྭ, 5
སྟྱ, 3
ཀླེ, 8
ཏྠཱ, 18
 ྃ, 12
སྐྲྀ, 58
པུཾ, 4
ཀྐོ, 25
ཤྭཱ, 10
ཤ༷, 2
 ྂ, 6
ནྟཾ, 27
དུཾ, 12
།ྱ, 8
གྷཾ, 21
ཎྷི, 3
ཝཻ, 1
ཀྲཱི, 3
ཥ༷, 1
ཝྃ, 9
་ེི, 6
་ེ༷, 2
ཥྐ, 34
ཤྭེ, 4
ནྟིཾ, 94
ཏྲཻ, 2
ནྡྲི, 5
ཤྲྀ, 22
ཀྱི༷, 1
ཀ༷, 1
རྨྱ, 24
ཐྩོ, 36
ག༷, 4
པ༷, 16
ཀྱིི, 10
ཚུུ, 4
ལ༵, 24
ཤྱཱ, 3
ལ༷, 2
ར༷, 2
ཛཱི, 19
རྣི, 9
སྐ༷, 1
མུཾ, 3
ཏྟྲ, 6
ན༷, 1
རྡྭ, 14
ཙཱི, 15
ཥྛཱ, 8
སྤྱིི, 1
རྠ, 35
ཛྱེ, 38
མཱུ, 46
གྂ, 1
ཥྨ, 13
ནི༷, 1
གྶ, 16
ཝཱཾ, 1
ཏྱཱ, 24
ཀྨོ, 21
ཎེ, 65
ཎྜོ, 7
ཀྑཱི, 5
ནྣེ, 4
པཱྲི, 1
རྐི, 3
ཏྟི, 30
ཞིི, 3
བིཾ, 4
ལློ, 5
ངྑ, 2
ཏྟུ, 1
སྟྲ, 7
མྦཱ, 4
ངྐི, 4
མྦ, 18
ཥྚཱ, 23
ཉཱེ, 17
ཙཱུ, 5
དྣ, 8
ངྐཱ, 4
པྲྀ, 25
་ྐོ, 1
ཀྐུ, 22
ཊྚེ, 5
བཱི, 124
ཎུ, 7
་ྗ, 7
འྤྱི, 20
སྦྱེ, 15
སྭེ, 14
་ྒ, 2
ནྣི, 6
ཏྲིཾ, 7
ཉྩེ, 5
ཏྱེ, 10
སྨཱ, 7
ལྱེ, 6
ཥྱཱ, 1
་ོི, 17
།ྤ, 1
།ེ, 18
་ྐེ, 1
གྤྱི, 6
ཞྲེ, 1
ཎྱ, 30
མྦྷོ, 28
སྟྲཱི, 6
ཎྷ, 6
གྭོ, 4
པ༵, 15
ཀྭི, 2
ཞྱི, 5
མཱཾ, 18
ཐྲི, 25
དྡོ, 2
ནྱེ, 5
ཎོ, 14
ཊྛཱ, 9
བྲྀ, 29
ཊྚ, 7
ཝཱི, 51
ཤྲཱ, 3
ངྷུ, 9
སྒི, 21
སྤྱཽ, 1
དྡཱ, 3
སྦྱཽ, 4
ངྒཱི, 2
དྱོ, 4
ཉྫཱ, 3
ཏྟེ, 9
ངྒོ, 2
ན༵, 8
སྐཱ, 9
ཏྠ, 9
ཌྜི, 1
སྠི, 26
པླུ, 13
མྦཱི, 4
ཎྜཱི, 7
ནྡོ, 12
གྒ, 3
ཀུཾ, 3
ཪྵཱི, 1
ཁཱི, 9
ཎྷཱ, 4
ཏཱུ, 6
ཛྫ, 6
ནྡི, 3
ངྑྱཱ, 1
མྨ, 9
རྦི, 9
ཞཱ, 16
སླི, 13
ཡཱི, 6
བཱོ, 4
ཡློ, 1
རྤྱི, 1
སྤི, 15
ལྲྀ, 6
རྟཱ, 6
པཽ, 9
ཊཱོ, 8
སཱོ, 13
ཁཱུ, 3
ཕཱོ, 1
་ྤི, 1
༈ི, 2
ཡྤྱི, 3
༈ྣ, 1
ཧྣ, 9
༈ོ, 2
ཊྛཾ, 5
རྩྡོ, 4
ཏིཾ, 11
ཤྱེ, 5
རྷེ, 2
ནྤྱི, 5
ཐུ༷, 16
།ྒུ, 2
ངྒཾ, 4
བྷཻ, 69
ཀླི, 6
ངྱ, 24
ཞཱི, 6
ཎྷཾ, 21
་ྱི, 4
གྱཾ, 2
ཛཱུ, 1
 ྷ, 1
ལཽ, 3
ངྱེ, 2
དྭི, 15
།ྣ, 4
རྦྷེ, 13
ནྟོ, 10
ག༵, 18
བྦ, 4
བེུ, 3
ཕཱ, 9
སྣྲ, 16
ཥྞཱི, 21
ཀྟྲི, 7
ཪྻ, 3
གྷེ, 16
རྷི, 1
ནྣཱ, 6
་ྗི, 1
 ཾ, 20
ཛྫུཾ, 1
ཎྜཾ, 4
ཉྙཱི, 1
ནྠི, 1
ཙྩ, 11
ཿོ, 2
དཻ, 7
སྶཾ, 5
རྞི, 4
 ྨ, 2
དྷྭ, 8
སཻ, 4
སྶཱ, 1
ཡྻ, 6
ཪྙི, 3
ལྲ, 6
དྲཱུ, 2
།ྡ, 2
མྩོ, 3
ཥྭེ, 2
བུུ, 3
ཡྔོ, 6
པཱོ, 8
རྞྞ, 15
དྭེ, 5
ཟྱི, 3
རྞཱི, 2
ཚཱུ, 7
ཪྐྱ, 2
ཎྚུ, 1
བྦུ, 1
ཀྶྤཾ, 1
སྶེ, 3
འྡོ, 4
དྔོ, 6
ཏྲྀ, 30
།ཽ, 1
གྡོ, 2
 ཽ, 1
ཉཱ, 6
༈ྀ, 1
ཕླེ, 1
ཤྲཱྀ, 1
་ོུ, 1
ཡྻུ, 3
པྥོ, 2
།ླ, 1
།ྙ, 1
ཎཱུ, 4
ཏྭཾ, 2
 ྤ, 1
ཞྱ, 3
་ྐི, 1
ང྄, 1
རཱེ, 2
འིེ, 1
རྞཱ, 9
སྨཻ, 4
རྞོ, 1
དྗེ, 4
ལླཱ, 2
ཥྲ, 4
བཱཾ, 4
ཥུ, 16
ཧྨཱ, 1
ཥྱཾ, 3
ཙཽ, 4
ཀྟི, 9
བྲཱ, 4
ཧྨ, 16
ཎྡ, 11
པྟཱ, 3
ཏྤུ, 3
ཎཱཾ, 28
ཛ྄, 3
ནྱཱ, 3
ངྒུ, 4
ནྱཱཾ, 4
མྤི, 2
སིཾ, 7
ཀཱོ, 5
ཌཱི, 16
ཟླྜ, 1
།ཾ, 4
ཤྩི, 7
ནྠཱ, 2
།ྀ, 1
།ིི, 1
དྱཱ, 12
་ྃ, 11
བཱེ, 8
ནྣཾ, 16
སྤྲྀ, 2
ལྟི, 4
ཚཽ, 2
པླ, 7
ལོྷ, 1
སྗི, 8
༄ུ, 1
ཙྪཱ, 5
ཊྭཱོ, 2
ཀྑཱུ, 1
སིྤྱི, 1
ཙྪཱི, 3
 ྴ, 1
༑ེ, 1
མྥུ, 1
ཀྑ, 9
རོྒྱུ, 1
 ྀ, 1
ཤཱཾ, 1
ཉྩོ, 3
མྦོ, 3
དྷྲྀ, 3
ཙྪི, 9
ཙྪུ, 1
 ྐ, 2
ཤླཽ, 2
ཀྑཱ, 5
ནྷ, 4
ཡྻཱ, 4
ཐྫོ, 1
སྫི, 5
ཨ༷, 3
ནྡཱུ, 1
ཁྫོ, 2
ཉྪི, 1
ཡྻེ, 1
ཐུུ, 5
ཀྷ, 2
སྶོ, 1
བྙ, 7
ནྱི, 3
ནྣོ, 1
ཕྡོ, 1
ཉྷི, 2
མིི, 3
ནྡཱི, 3
གྴ, 1
ཡཱྃ, 1
ཀྐེ, 3
ཡོེ, 1
དིི, 1
ཏྱུ, 5
དྱི, 4
ཙྩི, 2
བྦེ, 2
རྦྦ, 2
ཊཱུ, 2
པཻ, 1
ལྱཱ, 4
ངྟོ, 1
ངཽ, 2
ཐིུ, 1
ཐཱཾ, 1
ནྠེ, 3
ཌྭ, 4
ཝཱུ, 4
ནྤི, 1
བྐ, 1
འྩོ, 3
ལུྗོ, 1
ཋེ, 4
མྷཱ, 1
ཥྞི, 6
སྐིུ, 1
ཊྛིཾ, 1
དྭཱི, 2
ཧཻ, 1
འྀི, 1
རྱེ, 4
རྡ༵, 1
འིིིི, 4
ཡྭ, 4
ཝིཾ, 1
ནྟཱི, 3
ཧིཾ, 2
ཙྩཾ, 2
ཊྛི, 2
ནྟྭཱ, 2
ཕཱི, 2
པྥ, 1
གཻ, 3
ལྤཱ, 1
པྟོ, 1
ཙིཾ, 4
རུཾ, 8
ཆྔོ, 3
་ྱོ, 1
བོུ, 4
སྐི, 10
ཀ༵, 1
 ཻ, 4
ཤཻ, 3
ཀླྀ, 8
་ྜ, 1
དྱཱུ, 1
ཇིི, 1
མྤུ, 1
ལ྄, 3
འཱ, 4
ཉིི, 2
ཞིོ, 1
སོེ, 1
རྫཽ, 1
ཎྷེ, 2
དིེ, 1
ཁྱཱ, 1
ཚེོ, 1
དེི, 5
ས༵, 4
ཀྑུ, 2
ཏྠིཾ, 1
རྩཱ, 2
ཆིི, 1
འོི, 1
ཉཱི, 1
པིཾ, 6
གྔོ, 1
གྒོ, 1
ནྷཱ, 1
ཏེི, 1
ཀྟེ, 1
སྒཱུ, 1
ཚ༷, 2
 ླ, 1
ཡྻོ, 1
་ྤོ, 1
ཙྩེ, 2
༔ོ, 1
།ིིོ, 1
ཎྭུ, 1
་ྤུ, 2
ཊྛ, 4
ཆྟོ, 2
གིུ, 1
་ྦ, 1
ཁློ, 1
དྫོ, 3
ཟཻ, 3
དྤུ, 1
ཏྗེ, 1
ཎྷོ, 1
གྒུ, 1
ཎྜེ, 2
ཡ྄, 2
ཿི, 1
པྲུ, 3
་ེོ, 1
བྫ, 1
བྴ, 1
སིྙ, 1
༜ོ, 1
སྣྲེ, 1
ཛྲཱི, 9
ཏུཾ, 15
ཪྵཱ, 4
ནྡཾ, 2
སྥོ, 10
ལཱེ, 1
།ྃ, 2
གྱྱི, 2
མཱེ, 1
ཛྲྀ, 1
རྠེ, 1
མྺཱ, 6
གྣ, 1
རྫྙཱ, 7
ཎྱཾ, 2
ཛིཾ, 3
སྐྱྡོ, 2
ཎྛེ, 3
ཁུཾ, 4
ཀྵོ, 9
ཙྩཱ, 4
ཥཱི, 3
ཡཽ, 4
ཛྫི, 2
ཏྟིཾ, 2
པྤ, 2
ལླཾ, 1
མྷ, 1
ཏྐ, 2
ཧྭཱ, 6
ཉྷཾ, 2
ཀྑཾ, 1
སཱཾ, 2
རྕོ, 4
རིཾ, 3
ནྠཾ, 3
ཙྪོ, 1
ཤྩཱ, 2
ཎུཾ, 1
སྦྱུ, 1
སྙིི, 1
ནྡིཾ, 1
ཛྫཱ, 1
ཥྚཱཾ, 2
ཏྠཱི, 1
ནུཾ, 1
མྦེ, 1
ཋཾ, 1
བཽ, 2
ཊྛཱི, 1
ནྫོ, 2
རྒྭ, 1
དྱུ, 1
དྡུ, 1
སྕོ, 1
མྷཾ, 1
ངཱ, 1
ཉྩུ, 2
་ྨ, 1
ཁྭཱ, 2
་ིི, 1
༑ྂ, 1
ཉྪེ, 1
ཀྑེ, 2
ཤྭི, 1
ཛྰྙ, 1
ཥྞཱ, 1
ཙྪིཾ, 1
ཎིཾ, 1
ཤྣ, 2
ཏྩོ, 1
ཊྚི, 1
ཀྤྱི, 1
པློ, 2
ཐྲོ, 1
ཀྀ, 1